,_id,Num_Death,Avg_age
3429,Acute Fentanyl Intoxication,416.0,38.38701923076923
527,Multiple Drug Toxicity,131.0,41.36641221374046
5377,Heroin Intoxication,130.0,38.215384615384615
3504,Acute Heroin Intoxication,121.0,39.11570247933884
4156,Heroin Toxicity,97.0,37.49484536082474
1148,Acute Heroin Toxicity,90.0,35.355555555555554
